{"version":1,"hash":{"type":"Buffer","data":"q6fHC6cZcmlc6oPLStgW2ixA8+mO362tDn0ejOfA+TPa8lzDaB2/KZJWbO7MSsuaUBa70WAmvKvUOvaeA5KJC9CUCbdHvVDF+W9DZp5AHsSgGOOmW6srATkapjO5MNIwScZKPhPqksVIbHp54AirA0GH8/9xTepqb/9q96KzUC8="},"indexValueMap":{"nkFKkGsz4tk1sMcIaExFhPKSvKyVB3RZNAh0/9FWSdE=":{"valueMac":{"type":"Buffer","data":"TUyJpPo9EPZFStRSqT0pG+smP3eCr3WBMQSY+QTzLGY="}},"HSl4wTPhUHIZadkJ/xjENeqtNpa30zHmDUn6AQq7NFA=":{"valueMac":{"type":"Buffer","data":"BR9qxmz2gFSBilFQS/EVHke426H16gTcd16pZ7JOIFY="}},"vjx2hbYL2nt9wL0VjvOqCQiMYh37xnNxFzS9cvydl04=":{"valueMac":{"type":"Buffer","data":"6klS20mqi9WlheSGKdcEi3okifuBOIM2ctl6koPR/hU="}},"xiu+QUXWZgqdsKIgDz5AuGc2nsIJWrm1mqWup+JbZNM=":{"valueMac":{"type":"Buffer","data":"2KrW0f38OFvIeJTZ3DL332UsrthjhstZHBZellG5eNM="}},"wj+KkPF9d65rR1hS/aQr+PGIMtTCzf3AhcVOf3XhQMo=":{"valueMac":{"type":"Buffer","data":"WrzjIiPkTP5nVslxQskm7gTTlFjs16hF3UFiL3lA034="}},"oE/sN7PvDohC0qx3Ag3q71UmgrwYhpEM9hdS7NNyt/8=":{"valueMac":{"type":"Buffer","data":"0j3bCxyE0We+mcjd12izMX02Jq38HYuRWOgBkx+Uqo0="}},"RDwhRU46/bnrA0UEEAngvM4cqVlnGYGxns/F9udZXYg=":{"valueMac":{"type":"Buffer","data":"qAv22f93t+GFrZUk07Inq8jSqfULi0SE/PSNauHgaxw="}},"ARR15f3MJuN9tVFr2CgjrhwerjNUhSCnfsJGxFUkHi0=":{"valueMac":{"type":"Buffer","data":"nFPMKzET4L2x2oYFvbvz7k4SaaxhpJSmPipgU3Ndu28="}},"4YgcZ9c36S2rgtiXuVwkwFwvy9qLDxLIkkJbfTAmrdM=":{"valueMac":{"type":"Buffer","data":"yqhQS9wEwJ1ls7YTl3fDHo1wDoCgM6rMiGuxQc6Ey4o="}},"tw5eNYxznJmOMcZmoKRn5/3dGvAjzkGtrkU2wDDhdTA=":{"valueMac":{"type":"Buffer","data":"83ck6hKlj+aylUIyeWEkEpitOCeVAHCgFGZnbufKgb4="}},"IIQBbXGV5IwSWzjQoAHGrNOJwXpBtsbCk33Kfa0J3JE=":{"valueMac":{"type":"Buffer","data":"+MjjnorqfEiGJ/xj6yDifaCIlTLZLZo2d78q60BBmJU="}},"hk05nxtUeRt82PfSZsoAuyl+6YbAHNuRtib7HM0fprs=":{"valueMac":{"type":"Buffer","data":"5JqSGQiAo+xIaI9SuG+/vBWx7zSVmLs4zI6bO8xrgTQ="}},"neoOg4Zo4IpJSsnpDtgICPIafhmkqzHJz14f1TM7Y+I=":{"valueMac":{"type":"Buffer","data":"tsapX++dzESMbxqJ2tccZh0zzpm03lHNNjyplxAOI9A="}},"Ak/1VZrOEW5ZPkZPG2a14rsHDx8HUrrfAJytMrtZ10A=":{"valueMac":{"type":"Buffer","data":"eY1QAXrhRFguJ62qzgYiv/EIZ/TciRTkWtHDtN7gQG0="}},"0HFpHD507Kyui2bG/aMLKzfJOuq+noIG7JaTy8tHbdU=":{"valueMac":{"type":"Buffer","data":"VI6fiXAObjuaoTVbyw1I5PlhjnAV8GZWc7/4MOIHTgo="}},"tg7nh1uNZ32jhmIoy4NIHq/AKzmVoEqc9Pzl1s4vocE=":{"valueMac":{"type":"Buffer","data":"81HHg4gNFdot+zYRSzudEpSlOCXmnWYGYKKDgLdNizU="}},"J/Zj5rOhYQh+UFcq2kKINXd8xKksVu3nJOTYRCzoCQo=":{"valueMac":{"type":"Buffer","data":"94ZVJCjxyyrywOCrzsu5WmOJ27ZQQHSvBP9xULWHLDw="}},"xFF/WZI4N94Pr97gnVBVZ5zPqrA5breuTDVMCjXWxLY=":{"valueMac":{"type":"Buffer","data":"2VaXJqHIm2a3JrtxI7cUaB0EcCRrF0XFiU3lkWFosFQ="}},"NrW3Mlx0pDew4TBnAE4BxnX9elnC2lhqeqeLrL1N4HU=":{"valueMac":{"type":"Buffer","data":"KTBA0bZU/hdGRpWb3h/RiCY0fKzxHOaN8FLuwSOcth0="}},"xQ0icHlWPY4v9wKqOOsP8K57SsRR8UoPsIOlnteOb9w=":{"valueMac":{"type":"Buffer","data":"biygv0sQLikpjtZB73un6lweSUegeEiSw/eDhs7VGkU="}},"0JjilATlkgCLBrCTRrbOK1HWttGHiby2rZrP61p/uT0=":{"valueMac":{"type":"Buffer","data":"nyvJI8HCWFBx3eRagdPPkk2glSB52fcWhVvHuQIqZNw="}},"1PiCC5DHGkiTwTey49X35qvivV1LvWDNSAiWZ4z3XS4=":{"valueMac":{"type":"Buffer","data":"hikrp9ipPC+IzynUOrGKCE9ofV2tNrjHkdgzviUmVVY="}},"q966j2X4XAmY0LLZwkJo3gJxyB+82ZSUTffQvCmOjp8=":{"valueMac":{"type":"Buffer","data":"7zgGDLKVY58u8DKXf1hEpD/HGn4D2PPSSZTqRXwyAu0="}},"BmF0gcEOlLQsDW9x7a/hpj5JNqhsKTETa9/LLHpZ82c=":{"valueMac":{"type":"Buffer","data":"pINyheixwPkV0WRNNlbHDymiUTOJk1yRThev92VGI3g="}},"2VkpwdoSLQhwbp5hOfmZ5ju/y0uYckWaPLsVDpHT/og=":{"valueMac":{"type":"Buffer","data":"ic2MobBwUzkfGUkH/RWJyzi/31kFuVt+eyess8HJzBU="}},"MJgLAE7v4xPgAc15/a26Yvxu8X305t5Hlp7HEpE6Zd0=":{"valueMac":{"type":"Buffer","data":"0TBPk9nu71ikFdsoAqO7WYFWMKbcYU2YpYhX7LEVkSg="}},"Lecn1lU8wbcEh3NhNBmf56K4Tzs38pHLNfjPHIWLoN4=":{"valueMac":{"type":"Buffer","data":"pVteMe5E0TvqHEbBT82zgtuhBoy6nTiwLRU1UUQlRts="}},"uW6rEILdXBNfOC//pbZKAKa97nHJMrk7BObaGKkWXHM=":{"valueMac":{"type":"Buffer","data":"KGrIhHTraOhTEv+CbvcgvK+OEC+ew5XP2DaQClO8uLA="}},"6kdi6z0AGZn3PXyZ9mTfqz0A6j8VbIBLOwc1WGw2INE=":{"valueMac":{"type":"Buffer","data":"1jEvBW7eh5XKlhqtCeyUchIGUI2R4NAvaasGWDvqixE="}},"pOGkgOmdIgA70eqIXkyBIzeOOsM7Y3K7ebD2OgF8yYg=":{"valueMac":{"type":"Buffer","data":"d32pRxBRSiL4+Vh1mxuAmFRg741gNGvQwfo7ae05YkA="}}}}