{"version":6,"hash":{"type":"Buffer","data":"+Hv2AUEdSo9G9U2i1+v6b7iEX0ut9NMbDS0K+x0pNzX/OhkSDS0b429yt/RLHXY1kxO1+yzm+M1sNx2NZ69Cv6JHuehlpTw3HlvAFZEC/fCBtLpc2Vaeo7ChkX3k5xTrA38eyQqR9i8O9W55bSp/TL/AyEZTLMRBAxs3lxUvKao="},"indexValueMap":{"Tk58MHTEKiwFP3klD7tlSi2y4fyjG340puVS9JaytMQ=":{"valueMac":{"type":"Buffer","data":"PK8yRQ9RNgkmL/yeyX5e+z1epvbbcp9Bz3xI0EYsIfc="}},"0p+F7cVgE5r8X/pl6SPrHJeYtlYLK+Q04Stx2UmfAFM=":{"valueMac":{"type":"Buffer","data":"QfTCN6/+mX3AJ/9NfUYGojCF6mZDlfpm1Cl4TB4JmGc="}},"IFwcwRJuyFwgBnWRpc2Y+KVBsQB8vT0lhQgxZBJ+FRY=":{"valueMac":{"type":"Buffer","data":"NDKMhOClsfhHmrqCUQY2G3942BdIK6EnWkKlod3vQOU="}},"Upl/L4tlr7E/EdxkaNB8U/d8tv2mUDY4khQ5HTsjePI=":{"valueMac":{"type":"Buffer","data":"sU89y5ySN6b6NJL6mF8RcrStVfIO7v4u68GgvYBOwE0="}},"NCvZu2pDXXcOJwjr14sB61Y+j9XO1cHN1A+ePp4H46A=":{"valueMac":{"type":"Buffer","data":"DAKHSiExhXtRUOs9vDs3qmeoRYOW3C4y/Cg7nx6Jusc="}},"UrtOeVxH2tm1jo+AhlIquqyl+ScFjVrqdfOUXd+93pM=":{"valueMac":{"type":"Buffer","data":"YWDy+UnEmV37dayvg4OdDfg9pNUDgjMqlp2HdqDnrjU="}},"0rb3czJzQG/hFiNrjfabTi+ICLKpgRnNuJGk/jWcnZg=":{"valueMac":{"type":"Buffer","data":"sL1DCb5SemVGIEotLI92hz8gFgldUaTnVp2C0OAL6Sg="}},"Y4RW7BqkmLmsqcN8GrZKS2l+TFelRe9Ir6YT95XlPVA=":{"valueMac":{"type":"Buffer","data":"5mQkmMJFCOX8ZbgxfWaQsDJRZr2QdvoLZm+sxVGBLPE="}},"AIGsMis/oLc8OIl86bisJ3FMNACmOn5lxQrY34sZbWk=":{"valueMac":{"type":"Buffer","data":"On4JFjZfBGc4ZjnPcd+qSus/Wng5H+vn3BcctZ+kM+w="}},"tGbHnpBGy0QaXmXrqRIxwuZCFAKADRqGZw7PL8eI/cc=":{"valueMac":{"type":"Buffer","data":"eaCbbCkDRrzBt9MBn+PN8M7gipSUglI03uXFrNKlaGk="}}}}