{"version":2,"hash":{"type":"Buffer","data":"1aHo3pDqBpESVRDPNyk/uZYAAlHH4Zzpnc64rAhGBjyNB95GMXm1bXjvXf8tS+rjb1hUTNk1g18Z52JwjAHWmgjL/dFF1n7BhmqYWIk4gk9+XHTg99ZeSEArqvLVMqmU1MZASTJB/H4eVejqKuXTCvxrhsR/aBI1eZrC16L2cqM="},"indexValueMap":{"ZmwqYDMG91g30HvvC3BNL2FaQcThosIiMwhXvQyZDLo=":{"valueMac":{"type":"Buffer","data":"RRTOHSxkwfEBduKfH9IbYtw69V9gPYzEan3hHpa1CLc="}},"GBNBxUQrJNMSYnRCT1Oqtb2DDBlG2JwHti9WF/7FM5o=":{"valueMac":{"type":"Buffer","data":"vGaIpFZufgVV+GYQimbQJ0TkF/T4wh4socCGjaGnmvE="}},"qw1XyX14UfbRF+u2hcSnqdPCbBkOzCBG73tefp9zIZM=":{"valueMac":{"type":"Buffer","data":"CceYB7+pW45xyQIBRZGOvgb4DMg0I+YpPp+aAywDmsg="}},"mii7Q7U1AvwWG8beOnT2us+gluskJlvcljuTG/Aitlc=":{"valueMac":{"type":"Buffer","data":"ocjNIuyDZ5k+iaVVTVaPxaBcXJgw9kpHSgHucNoJw0Y="}},"1rCiRtuBgr1fMdThxJGVOQsKUzhy1v4VoKFuG15d5jc=":{"valueMac":{"type":"Buffer","data":"AoiU383XkDbut5yJOevmO6vyg+a8nXb3K+74FjlZqeg="}},"NVn+4+jA1IVJexa1UWwXGu2zN0fYB2XOmghIwDI1V54=":{"valueMac":{"type":"Buffer","data":"89cGZO3jjZeaeUZxZspt0zT3eMAfya3VZMc0FkrBQt0="}}}}