{"noiseKey":{"private":{"type":"Buffer","data":"EL3n6a1qjckcrFlAzQyQm9SfvhZopkRi+iGMAwov70U="},"public":{"type":"Buffer","data":"Mg6/uSZxfr4xFBUo0BpiRaN3aYf/Lf1V4OB5cuyqVRg="}},"signedIdentityKey":{"private":{"type":"Buffer","data":"8F9c6L8/Sn+sBraT4LT1mAoqSQe3o6g5rrYaFd/19Gs="},"public":{"type":"Buffer","data":"BOZe+qDUyI2Ph7NcPYiul634hJ/hwef624c6NQLZd2g="}},"signedPreKey":{"keyPair":{"private":{"type":"Buffer","data":"QEnQP8+koLi/UEr1YVsSsPRRyDOAvDAIu6mM80c/2l4="},"public":{"type":"Buffer","data":"4d5zebgjITjNjZYSVyMUVUtNBNgJ70xyfKCXVUG9/ho="}},"signature":{"type":"Buffer","data":"+InnWC8M3eaLXNNMcvu7JUYZtCTghvrxuWUyn2o5xFyoSRhSv3+XDdwdCSdCnMks5D/EXDJPfUg740mKelDaAA=="},"keyId":1},"registrationId":165,"advSecretKey":"r6FA/YbC6ME4QwzFHhOqToGegd8YdPnwcA61a8qqrn4=","processedHistoryMessages":[{"key":{"remoteJid":"6281296728103@s.whatsapp.net","fromMe":true,"id":"38B790B4FBAB51ECB3728E66E8A40A7B"},"messageTimestamp":1670712794},{"key":{"remoteJid":"6281296728103@s.whatsapp.net","fromMe":true,"id":"46F1B7867507BE663E91FEFF53C89646"},"messageTimestamp":1670712794},{"key":{"remoteJid":"6281296728103@s.whatsapp.net","fromMe":true,"id":"CB60A387B828D0B1F6C7D2561FAB3A48"},"messageTimestamp":1670712798},{"key":{"remoteJid":"6281296728103@s.whatsapp.net","fromMe":true,"id":"523D34ECAF149377253C30435066AFA2"},"messageTimestamp":1670712798}],"nextPreKeyId":396,"firstUnuploadedPreKeyId":396,"accountSyncCounter":1,"accountSettings":{"unarchiveChats":false},"account":{"details":"CKSniWwQ1pvUnAYYAQ==","accountSignatureKey":"rrnqmSDTHWUPuq4HcXeBdAKwvIKMCDelHue3UMc0M1g=","accountSignature":"Qbqs8jy2IZfgzIruFWv/zw+PEVjJeFyW/c1wHjSLNvVKM2KwsrCjTheE2Xgkx6Qneg3N48DPwKp1UARUKm4qDg==","deviceSignature":"YpsBUzyd0kwbo8F90qXWUaySLQOyG+QPh08szi4VaM7qwybsL/iGKmREASnHPzGr9xFhFYLxUhCF9zg4UitaDg=="},"me":{"id":"6281296728103:3@s.whatsapp.net","name":"Nolep x AI Bot"},"signalIdentities":[{"identifier":{"name":"6281296728103:3@s.whatsapp.net","deviceId":0},"identifierKey":{"type":"Buffer","data":"Ba656pkg0x1lD7quB3F3gXQCsLyCjAg3pR7nt1DHNDNY"}}],"platform":"smba","lastAccountSyncTimestamp":1670713411,"myAppStateKeyId":"AAAAAHYR"}