[{"senderKeyId":1482398598,"senderChainKey":{"iteration":40,"seed":"oK+HA4vDPEiscEvRw8htIVudCkZO/BiXIJLNi8eQSHQ="},"senderSigningKey":{"public":"BYEk0rNfSjGu9kZq8zcE/2yN7YkYdUPf3b4UOhlWjl9Q"},"senderMessageKeys":[{},{},{},{},{},{},{},{},{},{},{},{},{},{},{},{},{},{},{},{},{},{},{},{},{},{},{},{},{},{}]},{"senderKeyId":1482398598,"senderChainKey":{"iteration":38,"seed":"dviPwA+z12V0Vc/Xjy/MuIC9gEQPf0+rquLINRk9S7g="},"senderSigningKey":{"public":"BYEk0rNfSjGu9kZq8zcE/2yN7YkYdUPf3b4UOhlWjl9Q"},"senderMessageKeys":[]}]