[{"senderKeyId":2115083653,"senderChainKey":{"iteration":2,"seed":"cnsk64vByMK/mAwAzl7kYoFclV/8jBp9J777te8nzyg="},"senderSigningKey":{"public":"BZ4Lh2g34+ZxxXZlL/eDUj2pZzXcdyjo9+DKaLsU06AM"},"senderMessageKeys":[]},{"senderKeyId":152465439,"senderChainKey":{"iteration":0,"seed":"fmiuQYDc3bO4qVC4BSfKA/GSRXoibXNQ61bb2Pvcrn4="},"senderSigningKey":{"public":"Bbmku1pskSeNT+EWn1vwxLoZH1LdxfkRla6RocBUJSow"},"senderMessageKeys":[]},{"senderKeyId":152465439,"senderChainKey":{"iteration":1,"seed":"h1vZDu+Tls6AfhFkMDk9Z9AyZKFraHhfjlRQcafQbNE="},"senderSigningKey":{"public":"Bbmku1pskSeNT+EWn1vwxLoZH1LdxfkRla6RocBUJSow"}}]