[{"senderKeyId":1303572678,"senderChainKey":{"iteration":8,"seed":"24tkMrSA1iwbmaBaB74AO3itxgdhpYW/66ZXmihgjow="},"senderSigningKey":{"public":"Be4Y78ZfDpwii0rBaYjQdiHIcZVpP3kRvifUiI7Pnsks"},"senderMessageKeys":[{},{},{},{},{}]},{"senderKeyId":1303572678,"senderChainKey":{"iteration":4,"seed":"kEny1w9KgHGosMZlHrjcUKQqV9biuqRBCsFwt4y6NFY="},"senderSigningKey":{"public":"Be4Y78ZfDpwii0rBaYjQdiHIcZVpP3kRvifUiI7Pnsks"},"senderMessageKeys":[]},{"senderKeyId":1303572678,"senderChainKey":{"iteration":5,"seed":"QJLvHKE7jrgJaAcoEDUq3YPqLMpAaDBfCbKT3RRiFmc="},"senderSigningKey":{"public":"Be4Y78ZfDpwii0rBaYjQdiHIcZVpP3kRvifUiI7Pnsks"},"senderMessageKeys":[]}]