[{"senderKeyId":2126944881,"senderChainKey":{"iteration":1,"seed":"/qCDKr/OTIOFptYVxX3skCpr5ooJreLlb/YL/ObG+Lg="},"senderSigningKey":{"public":"BcMM1m6Yxvga67r4dybLiYfWA0bctQz5DS4uns0SAMlX"},"senderMessageKeys":[]},{"senderKeyId":2126944881,"senderChainKey":{"iteration":24,"seed":"VQsR7HwM1UXJBNSSZjFk3E3/S6TRkvTLGjJ909ozaXU="},"senderSigningKey":{"public":"BcMM1m6Yxvga67r4dybLiYfWA0bctQz5DS4uns0SAMlX"},"senderMessageKeys":[]},{"senderKeyId":2126944881,"senderChainKey":{"iteration":24,"seed":"VQsR7HwM1UXJBNSSZjFk3E3/S6TRkvTLGjJ909ozaXU="},"senderSigningKey":{"public":"BcMM1m6Yxvga67r4dybLiYfWA0bctQz5DS4uns0SAMlX"},"senderMessageKeys":[]},{"senderKeyId":2126944881,"senderChainKey":{"iteration":24,"seed":"VQsR7HwM1UXJBNSSZjFk3E3/S6TRkvTLGjJ909ozaXU="},"senderSigningKey":{"public":"BcMM1m6Yxvga67r4dybLiYfWA0bctQz5DS4uns0SAMlX"},"senderMessageKeys":[]},{"senderKeyId":2126944881,"senderChainKey":{"iteration":24,"seed":"VQsR7HwM1UXJBNSSZjFk3E3/S6TRkvTLGjJ909ozaXU="},"senderSigningKey":{"public":"BcMM1m6Yxvga67r4dybLiYfWA0bctQz5DS4uns0SAMlX"},"senderMessageKeys":[]},{"senderKeyId":2126944881,"senderChainKey":{"iteration":24,"seed":"VQsR7HwM1UXJBNSSZjFk3E3/S6TRkvTLGjJ909ozaXU="},"senderSigningKey":{"public":"BcMM1m6Yxvga67r4dybLiYfWA0bctQz5DS4uns0SAMlX"},"senderMessageKeys":[]},{"senderKeyId":2126944881,"senderChainKey":{"iteration":24,"seed":"VQsR7HwM1UXJBNSSZjFk3E3/S6TRkvTLGjJ909ozaXU="},"senderSigningKey":{"public":"BcMM1m6Yxvga67r4dybLiYfWA0bctQz5DS4uns0SAMlX"},"senderMessageKeys":[]},{"senderKeyId":2126944881,"senderChainKey":{"iteration":24,"seed":"VQsR7HwM1UXJBNSSZjFk3E3/S6TRkvTLGjJ909ozaXU="},"senderSigningKey":{"public":"BcMM1m6Yxvga67r4dybLiYfWA0bctQz5DS4uns0SAMlX"},"senderMessageKeys":[]},{"senderKeyId":2126944881,"senderChainKey":{"iteration":24,"seed":"VQsR7HwM1UXJBNSSZjFk3E3/S6TRkvTLGjJ909ozaXU="},"senderSigningKey":{"public":"BcMM1m6Yxvga67r4dybLiYfWA0bctQz5DS4uns0SAMlX"},"senderMessageKeys":[]},{"senderKeyId":2126944881,"senderChainKey":{"iteration":24,"seed":"VQsR7HwM1UXJBNSSZjFk3E3/S6TRkvTLGjJ909ozaXU="},"senderSigningKey":{"public":"BcMM1m6Yxvga67r4dybLiYfWA0bctQz5DS4uns0SAMlX"},"senderMessageKeys":[]},{"senderKeyId":2126944881,"senderChainKey":{"iteration":24,"seed":"VQsR7HwM1UXJBNSSZjFk3E3/S6TRkvTLGjJ909ozaXU="},"senderSigningKey":{"public":"BcMM1m6Yxvga67r4dybLiYfWA0bctQz5DS4uns0SAMlX"},"senderMessageKeys":[]},{"senderKeyId":2126944881,"senderChainKey":{"iteration":24,"seed":"VQsR7HwM1UXJBNSSZjFk3E3/S6TRkvTLGjJ909ozaXU="},"senderSigningKey":{"public":"BcMM1m6Yxvga67r4dybLiYfWA0bctQz5DS4uns0SAMlX"},"senderMessageKeys":[]},{"senderKeyId":2126944881,"senderChainKey":{"iteration":24,"seed":"VQsR7HwM1UXJBNSSZjFk3E3/S6TRkvTLGjJ909ozaXU="},"senderSigningKey":{"public":"BcMM1m6Yxvga67r4dybLiYfWA0bctQz5DS4uns0SAMlX"},"senderMessageKeys":[]},{"senderKeyId":2126944881,"senderChainKey":{"iteration":24,"seed":"VQsR7HwM1UXJBNSSZjFk3E3/S6TRkvTLGjJ909ozaXU="},"senderSigningKey":{"public":"BcMM1m6Yxvga67r4dybLiYfWA0bctQz5DS4uns0SAMlX"},"senderMessageKeys":[]},{"senderKeyId":2126944881,"senderChainKey":{"iteration":24,"seed":"VQsR7HwM1UXJBNSSZjFk3E3/S6TRkvTLGjJ909ozaXU="},"senderSigningKey":{"public":"BcMM1m6Yxvga67r4dybLiYfWA0bctQz5DS4uns0SAMlX"},"senderMessageKeys":[]},{"senderKeyId":2126944881,"senderChainKey":{"iteration":24,"seed":"VQsR7HwM1UXJBNSSZjFk3E3/S6TRkvTLGjJ909ozaXU="},"senderSigningKey":{"public":"BcMM1m6Yxvga67r4dybLiYfWA0bctQz5DS4uns0SAMlX"},"senderMessageKeys":[]},{"senderKeyId":2126944881,"senderChainKey":{"iteration":24,"seed":"VQsR7HwM1UXJBNSSZjFk3E3/S6TRkvTLGjJ909ozaXU="},"senderSigningKey":{"public":"BcMM1m6Yxvga67r4dybLiYfWA0bctQz5DS4uns0SAMlX"},"senderMessageKeys":[]},{"senderKeyId":2126944881,"senderChainKey":{"iteration":24,"seed":"VQsR7HwM1UXJBNSSZjFk3E3/S6TRkvTLGjJ909ozaXU="},"senderSigningKey":{"public":"BcMM1m6Yxvga67r4dybLiYfWA0bctQz5DS4uns0SAMlX"},"senderMessageKeys":[]},{"senderKeyId":2126944881,"senderChainKey":{"iteration":24,"seed":"VQsR7HwM1UXJBNSSZjFk3E3/S6TRkvTLGjJ909ozaXU="},"senderSigningKey":{"public":"BcMM1m6Yxvga67r4dybLiYfWA0bctQz5DS4uns0SAMlX"},"senderMessageKeys":[]},{"senderKeyId":2126944881,"senderChainKey":{"iteration":24,"seed":"VQsR7HwM1UXJBNSSZjFk3E3/S6TRkvTLGjJ909ozaXU="},"senderSigningKey":{"public":"BcMM1m6Yxvga67r4dybLiYfWA0bctQz5DS4uns0SAMlX"},"senderMessageKeys":[]},{"senderKeyId":2126944881,"senderChainKey":{"iteration":24,"seed":"VQsR7HwM1UXJBNSSZjFk3E3/S6TRkvTLGjJ909ozaXU="},"senderSigningKey":{"public":"BcMM1m6Yxvga67r4dybLiYfWA0bctQz5DS4uns0SAMlX"},"senderMessageKeys":[]},{"senderKeyId":2126944881,"senderChainKey":{"iteration":24,"seed":"VQsR7HwM1UXJBNSSZjFk3E3/S6TRkvTLGjJ909ozaXU="},"senderSigningKey":{"public":"BcMM1m6Yxvga67r4dybLiYfWA0bctQz5DS4uns0SAMlX"},"senderMessageKeys":[]},{"senderKeyId":2126944881,"senderChainKey":{"iteration":24,"seed":"VQsR7HwM1UXJBNSSZjFk3E3/S6TRkvTLGjJ909ozaXU="},"senderSigningKey":{"public":"BcMM1m6Yxvga67r4dybLiYfWA0bctQz5DS4uns0SAMlX"},"senderMessageKeys":[]},{"senderKeyId":2126944881,"senderChainKey":{"iteration":24,"seed":"VQsR7HwM1UXJBNSSZjFk3E3/S6TRkvTLGjJ909ozaXU="},"senderSigningKey":{"public":"BcMM1m6Yxvga67r4dybLiYfWA0bctQz5DS4uns0SAMlX"}}]