[{"senderKeyId":1204535371,"senderChainKey":{"iteration":3,"seed":"lrJCSVvtrjE7WKodEA/+SsSyQcyBA078z4RMQFu123M="},"senderSigningKey":{"public":"BWEXU3sGWeULK3xCA0JZLEkjj5sCOY8bMOm6eGoCsqIc"},"senderMessageKeys":[{},{}]},{"senderKeyId":1204535371,"senderChainKey":{"iteration":2,"seed":"tSeyy76Pez45RV8W9HYvWUcs3Axb7oCwp/YbIcOdWp0="},"senderSigningKey":{"public":"BWEXU3sGWeULK3xCA0JZLEkjj5sCOY8bMOm6eGoCsqIc"},"senderMessageKeys":[]},{"senderKeyId":16724308,"senderChainKey":{"iteration":4,"seed":"ibFSd/bQy+nI82HK+alHElH28Wkrj/WcrUbGUdju7x8="},"senderSigningKey":{"public":"BWOpfaBqVJkRrRNvAFGhJU0Wb6l8F/ZK2fLsE1pgY4El"},"senderMessageKeys":[{}]}]