[{"senderKeyId":42180699,"senderChainKey":{"iteration":2,"seed":"9jEP76ioNjR006rzu9knGIcXTb3T1odHstIC7kg42bg="},"senderSigningKey":{"public":"BTYeYeWamVY7H/RLbmwp0pzHmo/r5F9xZXUEMdBCG68K"},"senderMessageKeys":[{}]},{"senderKeyId":126830043,"senderChainKey":{"iteration":0,"seed":"9ghAQOnN14bEzjhpgGPdcKXvXa5SJoOv0T4U3eFztsc="},"senderSigningKey":{"public":"BTxmmV8Wd44vfNpopi2EC/iLQpA62e0m5DoVE7np4Hkq"},"senderMessageKeys":[]},{"senderKeyId":1838311361,"senderChainKey":{"iteration":0,"seed":"hgeu8usQuf/iOfrogbEcjEDSbfP6B6927hH/5SEe/Ys="},"senderSigningKey":{"public":"BWZ8r3sU2dwqPt5lzjqEoPuOZiVdXT1gcXhFsXYZqZcF"}}]