[{"senderKeyId":87340106,"senderChainKey":{"iteration":0,"seed":"425uP5Qt+T+vzfHvOFNzWVxZefq7i3JZ32LlgpVAr0s="},"senderSigningKey":{"public":"BTvGB47v6AsZeZdmXfSqwfRAao1sgkBQmiKVwGJcVA4W"},"senderMessageKeys":[]},{"senderKeyId":87340106,"senderChainKey":{"iteration":1,"seed":"NdvPEzEfvV8hOsW94owpp0xB4Qzpteh0bo/WUTieOq0="},"senderSigningKey":{"public":"BTvGB47v6AsZeZdmXfSqwfRAao1sgkBQmiKVwGJcVA4W"},"senderMessageKeys":[]},{"senderKeyId":87340106,"senderChainKey":{"iteration":3,"seed":"pfWZhYhIjeOv3zWrO2JXf9mX0QtkVqvxLtseagDLZGI="},"senderSigningKey":{"public":"BTvGB47v6AsZeZdmXfSqwfRAao1sgkBQmiKVwGJcVA4W"}}]