[{"senderKeyId":1944882586,"senderChainKey":{"iteration":51,"seed":"01LKQSMrXPmcPqDQt+aRCud/rySF1+BXzykbN0Lh5us="},"senderSigningKey":{"public":"BR03oX3lJuBr0flRtkYiifDAwUK7Ce0twFlsydZ+rmsp"},"senderMessageKeys":[]},{"senderKeyId":1944882586,"senderChainKey":{"iteration":48,"seed":"OPTmXf0G0ORYoSIL2mkFQrPuL9C3M8tDJSp43g78zrI="},"senderSigningKey":{"public":"BR03oX3lJuBr0flRtkYiifDAwUK7Ce0twFlsydZ+rmsp"},"senderMessageKeys":[]},{"senderKeyId":1944882586,"senderChainKey":{"iteration":48,"seed":"OPTmXf0G0ORYoSIL2mkFQrPuL9C3M8tDJSp43g78zrI="},"senderSigningKey":{"public":"BR03oX3lJuBr0flRtkYiifDAwUK7Ce0twFlsydZ+rmsp"},"senderMessageKeys":[]},{"senderKeyId":1944882586,"senderChainKey":{"iteration":48,"seed":"OPTmXf0G0ORYoSIL2mkFQrPuL9C3M8tDJSp43g78zrI="},"senderSigningKey":{"public":"BR03oX3lJuBr0flRtkYiifDAwUK7Ce0twFlsydZ+rmsp"},"senderMessageKeys":[]},{"senderKeyId":1944882586,"senderChainKey":{"iteration":48,"seed":"OPTmXf0G0ORYoSIL2mkFQrPuL9C3M8tDJSp43g78zrI="},"senderSigningKey":{"public":"BR03oX3lJuBr0flRtkYiifDAwUK7Ce0twFlsydZ+rmsp"},"senderMessageKeys":[]},{"senderKeyId":1944882586,"senderChainKey":{"iteration":48,"seed":"OPTmXf0G0ORYoSIL2mkFQrPuL9C3M8tDJSp43g78zrI="},"senderSigningKey":{"public":"BR03oX3lJuBr0flRtkYiifDAwUK7Ce0twFlsydZ+rmsp"},"senderMessageKeys":[]},{"senderKeyId":1944882586,"senderChainKey":{"iteration":48,"seed":"OPTmXf0G0ORYoSIL2mkFQrPuL9C3M8tDJSp43g78zrI="},"senderSigningKey":{"public":"BR03oX3lJuBr0flRtkYiifDAwUK7Ce0twFlsydZ+rmsp"},"senderMessageKeys":[]},{"senderKeyId":1944882586,"senderChainKey":{"iteration":48,"seed":"OPTmXf0G0ORYoSIL2mkFQrPuL9C3M8tDJSp43g78zrI="},"senderSigningKey":{"public":"BR03oX3lJuBr0flRtkYiifDAwUK7Ce0twFlsydZ+rmsp"},"senderMessageKeys":[]},{"senderKeyId":1944882586,"senderChainKey":{"iteration":48,"seed":"OPTmXf0G0ORYoSIL2mkFQrPuL9C3M8tDJSp43g78zrI="},"senderSigningKey":{"public":"BR03oX3lJuBr0flRtkYiifDAwUK7Ce0twFlsydZ+rmsp"},"senderMessageKeys":[]},{"senderKeyId":1944882586,"senderChainKey":{"iteration":48,"seed":"OPTmXf0G0ORYoSIL2mkFQrPuL9C3M8tDJSp43g78zrI="},"senderSigningKey":{"public":"BR03oX3lJuBr0flRtkYiifDAwUK7Ce0twFlsydZ+rmsp"},"senderMessageKeys":[]},{"senderKeyId":1944882586,"senderChainKey":{"iteration":48,"seed":"OPTmXf0G0ORYoSIL2mkFQrPuL9C3M8tDJSp43g78zrI="},"senderSigningKey":{"public":"BR03oX3lJuBr0flRtkYiifDAwUK7Ce0twFlsydZ+rmsp"},"senderMessageKeys":[]},{"senderKeyId":1944882586,"senderChainKey":{"iteration":48,"seed":"OPTmXf0G0ORYoSIL2mkFQrPuL9C3M8tDJSp43g78zrI="},"senderSigningKey":{"public":"BR03oX3lJuBr0flRtkYiifDAwUK7Ce0twFlsydZ+rmsp"},"senderMessageKeys":[]},{"senderKeyId":1944882586,"senderChainKey":{"iteration":48,"seed":"OPTmXf0G0ORYoSIL2mkFQrPuL9C3M8tDJSp43g78zrI="},"senderSigningKey":{"public":"BR03oX3lJuBr0flRtkYiifDAwUK7Ce0twFlsydZ+rmsp"},"senderMessageKeys":[]},{"senderKeyId":1944882586,"senderChainKey":{"iteration":48,"seed":"OPTmXf0G0ORYoSIL2mkFQrPuL9C3M8tDJSp43g78zrI="},"senderSigningKey":{"public":"BR03oX3lJuBr0flRtkYiifDAwUK7Ce0twFlsydZ+rmsp"},"senderMessageKeys":[]},{"senderKeyId":1944882586,"senderChainKey":{"iteration":48,"seed":"OPTmXf0G0ORYoSIL2mkFQrPuL9C3M8tDJSp43g78zrI="},"senderSigningKey":{"public":"BR03oX3lJuBr0flRtkYiifDAwUK7Ce0twFlsydZ+rmsp"},"senderMessageKeys":[]},{"senderKeyId":1944882586,"senderChainKey":{"iteration":48,"seed":"OPTmXf0G0ORYoSIL2mkFQrPuL9C3M8tDJSp43g78zrI="},"senderSigningKey":{"public":"BR03oX3lJuBr0flRtkYiifDAwUK7Ce0twFlsydZ+rmsp"},"senderMessageKeys":[]},{"senderKeyId":1944882586,"senderChainKey":{"iteration":48,"seed":"OPTmXf0G0ORYoSIL2mkFQrPuL9C3M8tDJSp43g78zrI="},"senderSigningKey":{"public":"BR03oX3lJuBr0flRtkYiifDAwUK7Ce0twFlsydZ+rmsp"},"senderMessageKeys":[]},{"senderKeyId":1944882586,"senderChainKey":{"iteration":48,"seed":"OPTmXf0G0ORYoSIL2mkFQrPuL9C3M8tDJSp43g78zrI="},"senderSigningKey":{"public":"BR03oX3lJuBr0flRtkYiifDAwUK7Ce0twFlsydZ+rmsp"},"senderMessageKeys":[]},{"senderKeyId":1944882586,"senderChainKey":{"iteration":48,"seed":"OPTmXf0G0ORYoSIL2mkFQrPuL9C3M8tDJSp43g78zrI="},"senderSigningKey":{"public":"BR03oX3lJuBr0flRtkYiifDAwUK7Ce0twFlsydZ+rmsp"},"senderMessageKeys":[]},{"senderKeyId":1944882586,"senderChainKey":{"iteration":48,"seed":"OPTmXf0G0ORYoSIL2mkFQrPuL9C3M8tDJSp43g78zrI="},"senderSigningKey":{"public":"BR03oX3lJuBr0flRtkYiifDAwUK7Ce0twFlsydZ+rmsp"},"senderMessageKeys":[]},{"senderKeyId":1944882586,"senderChainKey":{"iteration":48,"seed":"OPTmXf0G0ORYoSIL2mkFQrPuL9C3M8tDJSp43g78zrI="},"senderSigningKey":{"public":"BR03oX3lJuBr0flRtkYiifDAwUK7Ce0twFlsydZ+rmsp"},"senderMessageKeys":[]},{"senderKeyId":1944882586,"senderChainKey":{"iteration":48,"seed":"OPTmXf0G0ORYoSIL2mkFQrPuL9C3M8tDJSp43g78zrI="},"senderSigningKey":{"public":"BR03oX3lJuBr0flRtkYiifDAwUK7Ce0twFlsydZ+rmsp"},"senderMessageKeys":[]},{"senderKeyId":1944882586,"senderChainKey":{"iteration":48,"seed":"OPTmXf0G0ORYoSIL2mkFQrPuL9C3M8tDJSp43g78zrI="},"senderSigningKey":{"public":"BR03oX3lJuBr0flRtkYiifDAwUK7Ce0twFlsydZ+rmsp"},"senderMessageKeys":[]},{"senderKeyId":1944882586,"senderChainKey":{"iteration":48,"seed":"OPTmXf0G0ORYoSIL2mkFQrPuL9C3M8tDJSp43g78zrI="},"senderSigningKey":{"public":"BR03oX3lJuBr0flRtkYiifDAwUK7Ce0twFlsydZ+rmsp"},"senderMessageKeys":[]},{"senderKeyId":1944882586,"senderChainKey":{"iteration":48,"seed":"OPTmXf0G0ORYoSIL2mkFQrPuL9C3M8tDJSp43g78zrI="},"senderSigningKey":{"public":"BR03oX3lJuBr0flRtkYiifDAwUK7Ce0twFlsydZ+rmsp"},"senderMessageKeys":[]},{"senderKeyId":1944882586,"senderChainKey":{"iteration":48,"seed":"OPTmXf0G0ORYoSIL2mkFQrPuL9C3M8tDJSp43g78zrI="},"senderSigningKey":{"public":"BR03oX3lJuBr0flRtkYiifDAwUK7Ce0twFlsydZ+rmsp"},"senderMessageKeys":[]},{"senderKeyId":1944882586,"senderChainKey":{"iteration":48,"seed":"OPTmXf0G0ORYoSIL2mkFQrPuL9C3M8tDJSp43g78zrI="},"senderSigningKey":{"public":"BR03oX3lJuBr0flRtkYiifDAwUK7Ce0twFlsydZ+rmsp"},"senderMessageKeys":[]},{"senderKeyId":1944882586,"senderChainKey":{"iteration":48,"seed":"OPTmXf0G0ORYoSIL2mkFQrPuL9C3M8tDJSp43g78zrI="},"senderSigningKey":{"public":"BR03oX3lJuBr0flRtkYiifDAwUK7Ce0twFlsydZ+rmsp"},"senderMessageKeys":[]},{"senderKeyId":1944882586,"senderChainKey":{"iteration":48,"seed":"OPTmXf0G0ORYoSIL2mkFQrPuL9C3M8tDJSp43g78zrI="},"senderSigningKey":{"public":"BR03oX3lJuBr0flRtkYiifDAwUK7Ce0twFlsydZ+rmsp"},"senderMessageKeys":[]},{"senderKeyId":1944882586,"senderChainKey":{"iteration":48,"seed":"OPTmXf0G0ORYoSIL2mkFQrPuL9C3M8tDJSp43g78zrI="},"senderSigningKey":{"public":"BR03oX3lJuBr0flRtkYiifDAwUK7Ce0twFlsydZ+rmsp"},"senderMessageKeys":[]},{"senderKeyId":1944882586,"senderChainKey":{"iteration":48,"seed":"OPTmXf0G0ORYoSIL2mkFQrPuL9C3M8tDJSp43g78zrI="},"senderSigningKey":{"public":"BR03oX3lJuBr0flRtkYiifDAwUK7Ce0twFlsydZ+rmsp"},"senderMessageKeys":[]},{"senderKeyId":1944882586,"senderChainKey":{"iteration":48,"seed":"OPTmXf0G0ORYoSIL2mkFQrPuL9C3M8tDJSp43g78zrI="},"senderSigningKey":{"public":"BR03oX3lJuBr0flRtkYiifDAwUK7Ce0twFlsydZ+rmsp"},"senderMessageKeys":[]},{"senderKeyId":1944882586,"senderChainKey":{"iteration":48,"seed":"OPTmXf0G0ORYoSIL2mkFQrPuL9C3M8tDJSp43g78zrI="},"senderSigningKey":{"public":"BR03oX3lJuBr0flRtkYiifDAwUK7Ce0twFlsydZ+rmsp"},"senderMessageKeys":[]},{"senderKeyId":1944882586,"senderChainKey":{"iteration":48,"seed":"OPTmXf0G0ORYoSIL2mkFQrPuL9C3M8tDJSp43g78zrI="},"senderSigningKey":{"public":"BR03oX3lJuBr0flRtkYiifDAwUK7Ce0twFlsydZ+rmsp"},"senderMessageKeys":[]},{"senderKeyId":1944882586,"senderChainKey":{"iteration":48,"seed":"OPTmXf0G0ORYoSIL2mkFQrPuL9C3M8tDJSp43g78zrI="},"senderSigningKey":{"public":"BR03oX3lJuBr0flRtkYiifDAwUK7Ce0twFlsydZ+rmsp"},"senderMessageKeys":[]},{"senderKeyId":1944882586,"senderChainKey":{"iteration":48,"seed":"OPTmXf0G0ORYoSIL2mkFQrPuL9C3M8tDJSp43g78zrI="},"senderSigningKey":{"public":"BR03oX3lJuBr0flRtkYiifDAwUK7Ce0twFlsydZ+rmsp"},"senderMessageKeys":[]},{"senderKeyId":1944882586,"senderChainKey":{"iteration":48,"seed":"OPTmXf0G0ORYoSIL2mkFQrPuL9C3M8tDJSp43g78zrI="},"senderSigningKey":{"public":"BR03oX3lJuBr0flRtkYiifDAwUK7Ce0twFlsydZ+rmsp"},"senderMessageKeys":[]},{"senderKeyId":1944882586,"senderChainKey":{"iteration":48,"seed":"OPTmXf0G0ORYoSIL2mkFQrPuL9C3M8tDJSp43g78zrI="},"senderSigningKey":{"public":"BR03oX3lJuBr0flRtkYiifDAwUK7Ce0twFlsydZ+rmsp"},"senderMessageKeys":[]},{"senderKeyId":1944882586,"senderChainKey":{"iteration":48,"seed":"OPTmXf0G0ORYoSIL2mkFQrPuL9C3M8tDJSp43g78zrI="},"senderSigningKey":{"public":"BR03oX3lJuBr0flRtkYiifDAwUK7Ce0twFlsydZ+rmsp"},"senderMessageKeys":[]},{"senderKeyId":1944882586,"senderChainKey":{"iteration":48,"seed":"OPTmXf0G0ORYoSIL2mkFQrPuL9C3M8tDJSp43g78zrI="},"senderSigningKey":{"public":"BR03oX3lJuBr0flRtkYiifDAwUK7Ce0twFlsydZ+rmsp"},"senderMessageKeys":[]},{"senderKeyId":1944882586,"senderChainKey":{"iteration":48,"seed":"OPTmXf0G0ORYoSIL2mkFQrPuL9C3M8tDJSp43g78zrI="},"senderSigningKey":{"public":"BR03oX3lJuBr0flRtkYiifDAwUK7Ce0twFlsydZ+rmsp"},"senderMessageKeys":[]},{"senderKeyId":1944882586,"senderChainKey":{"iteration":48,"seed":"OPTmXf0G0ORYoSIL2mkFQrPuL9C3M8tDJSp43g78zrI="},"senderSigningKey":{"public":"BR03oX3lJuBr0flRtkYiifDAwUK7Ce0twFlsydZ+rmsp"},"senderMessageKeys":[]},{"senderKeyId":1944882586,"senderChainKey":{"iteration":48,"seed":"OPTmXf0G0ORYoSIL2mkFQrPuL9C3M8tDJSp43g78zrI="},"senderSigningKey":{"public":"BR03oX3lJuBr0flRtkYiifDAwUK7Ce0twFlsydZ+rmsp"},"senderMessageKeys":[]},{"senderKeyId":1944882586,"senderChainKey":{"iteration":48,"seed":"OPTmXf0G0ORYoSIL2mkFQrPuL9C3M8tDJSp43g78zrI="},"senderSigningKey":{"public":"BR03oX3lJuBr0flRtkYiifDAwUK7Ce0twFlsydZ+rmsp"},"senderMessageKeys":[]}]