[{"senderKeyId":1996165568,"senderChainKey":{"iteration":3,"seed":"MlsiMtgyuZearW+sK9B0rh5XiJabub8KpnoffZD/Ufg="},"senderSigningKey":{"public":"Bdxvnow2hOLV4wHmTJoP00mGJNz7Z+J2y/RzlhH0fko7"},"senderMessageKeys":[]},{"senderKeyId":1996165568,"senderChainKey":{"iteration":4,"seed":"iaziZWw0LklWYUSg62oDm37nCoH8XgCy7DluMZgibEk="},"senderSigningKey":{"public":"Bdxvnow2hOLV4wHmTJoP00mGJNz7Z+J2y/RzlhH0fko7"},"senderMessageKeys":[]},{"senderKeyId":1996165568,"senderChainKey":{"iteration":6,"seed":"Q2WtC4CqKVfkKsZ0rVJAWlQq8uT2yb3nFydDj/54sPo="},"senderSigningKey":{"public":"Bdxvnow2hOLV4wHmTJoP00mGJNz7Z+J2y/RzlhH0fko7"}}]