[{"senderKeyId":1325319455,"senderChainKey":{"iteration":37,"seed":"oGXptagny6LWjuMyapNlorxpY1aSNOLeHbjxG8Xzplk="},"senderSigningKey":{"public":"BfPF08c/OYBqHkwfZrEDU6FSUGpAmOZnUwkGusCjdLty"},"senderMessageKeys":[]},{"senderKeyId":1492636592,"senderChainKey":{"iteration":0,"seed":"ctse6UQo7aiPs3LriC8iPTRQ71XEDMaSXoa2LUiDmk0="},"senderSigningKey":{"public":"BZrSZbqfoRNYe8vDmSBIqxhGHXIfcJ6zqW08oGxG8U0V"},"senderMessageKeys":[]},{"senderKeyId":1492636592,"senderChainKey":{"iteration":2,"seed":"MolOJTHVyNBmPbq3HJFdYlbsI569mes9Fyz1KqSmEE0="},"senderSigningKey":{"public":"BZrSZbqfoRNYe8vDmSBIqxhGHXIfcJ6zqW08oGxG8U0V"},"senderMessageKeys":[]},{"senderKeyId":1492636592,"senderChainKey":{"iteration":3,"seed":"P3dKdOky+atVLFrhRJqTX3XS3s3Q592s7KVSW5kYjlQ="},"senderSigningKey":{"public":"BZrSZbqfoRNYe8vDmSBIqxhGHXIfcJ6zqW08oGxG8U0V"}}]