[{"senderKeyId":974910824,"senderChainKey":{"iteration":0,"seed":"ZrNg7Yq552uil8PaT51l1A8VSS3SkgLE7ggWiYl0PlE="},"senderSigningKey":{"public":"BeBwHip0wUXPw6L9H0HKmBHa7IG4vXp7mHwEuLJfeKs8"},"senderMessageKeys":[]},{"senderKeyId":687463613,"senderChainKey":{"iteration":0,"seed":"jZbApSnm2kinWxpTPp9vUxffN3QGnTniJIJHTfxqgbw="},"senderSigningKey":{"public":"BdAwb4GTWfRIe2spKmlniPqG7ibxNaSh5LyqYOQuYIIh"},"senderMessageKeys":[]},{"senderKeyId":1134320940,"senderChainKey":{"iteration":0,"seed":"CiSMQ12BhS7PGKBqIafHPrQBrTNyqb1ScSpyEJfLero="},"senderSigningKey":{"public":"BWn7u80OpaGCqViVckUTni+2ziT9dOB5/kOClbO4tKZJ"}}]